age_group,Annual_EIR,pmc_mode,pmc_coverage,rtss_coverage,cm_coverage,pmc_rtss_cov,name,mean_val,median_val,low_val,up_val,min_val,max_val,pmc_mode_fct,yint,yint_min
U2,32,3tp,0.8,0.8,0.6,0.8-0.8,clinical_cases_averted,1005.84916666667,1007.75,981.74,1027.60416666667,972.3,1034.96666666667,PMC-3,1700,0
U2,32,3tp,0.8,0.8,0.6,0.8-0.8,severe_cases_averted,13.2744444444444,13.425,11.725,14.2208333333333,11.0833333333333,14.8833333333333,PMC-3,20,0
U2,32,5tp,0.8,0.8,0.6,0.8-0.8,clinical_cases_averted,1184.25527777778,1184.7,1163.6675,1199.82666666667,1159.18333333333,1205.96666666667,PMC-5,1700,0
U2,32,5tp,0.8,0.8,0.6,0.8-0.8,severe_cases_averted,15.5561111111111,15.725,14.2108333333333,16.5175,13.65,16.9666666666667,PMC-5,20,0
U2,32,7tp2ndyr,0.8,0.8,0.6,0.8-0.8,clinical_cases_averted,1409.44611111111,1410.66666666667,1388.44916666667,1428.61833333333,1376.9,1432.61666666667,PMC-7,1700,0
U2,32,7tp2ndyr,0.8,0.8,0.6,0.8-0.8,severe_cases_averted,17.7436111111111,17.7916666666667,16.5475,18.8075,15.8666666666667,19.0833333333333,PMC-7,20,0
